2020 Low Performing Contracts: Medicare Report Card Master Table,,,,,,,,,,,,,,,,,,,,,,,,,,,,,,,,,,,,,,,,,,,,,,,,,,,
Contract Number,Organization Type,Organization Marketing Name,Contract Name,Parent Organization,Rated As,2018 C Summary,2018 D Summary,2019 C Summary,2019 D Summary,2020 C Summary,2020 D Summary,Reason for LPI,,,,,,,,,,,,,,,,,,,,,,,,,,,,,,,,,,,,,,,
H2773,Local CCP,QUALITY HEALTH PLANS,"Quality Health Plans Of New York, Inc.","QHP Financial Group, Inc.",MA-PD,2.5,2.5,2.5,3.5,2,2.5,Part C,,,,,,,,,,,,,,,,,,,,,,,,,,,,,,,,,,,,,,,
H3071,Local CCP,Community Care Alliance of Illinois,"Community Care Alliance Of Illinois, Nfp",Delaware Life Insurance Company,MA-PD,2,3,3,2.5,2.5,3,Part C or D,,,,,,,,,,,,,,,,,,,,,,,,,,,,,,,,,,,,,,,
H6988,Local CCP,Centers Plan for Healthy Living,"Centers Plan For Healthy Living, Llc","Centers Plan for Healthy Living, LLC",MA-PD,2,2,2.5,2.5,3,2.5,Part D,,,,,,,,,,,,,,,,,,,,,,,,,,,,,,,,,,,,,,,
H7680,Local CCP,Prominence Health Plan,Prominence Healthfirst Of Texas,"Universal Health Services, Inc.",MA-PD,2,3,3,2,2.5,3,Part C or D,,,,,,,,,,,,,,,,,,,,,,,,,,,,,,,,,,,,,,,
S4607,PDP,Magellan Rx Medicare,Merit Health Insurance Company,"Magellan Health, Inc.",PDP,Not Rated,2,Not Rated,1.5,Not Rated,2.5,Part D,,,,,,,,,,,,,,,,,,,,,,,,,,,,,,,,,,,,,,,
